feature_index,importance
1,0.34791207
4,0.22231664
2,0.2009971
3,0.19101538
0,0.036624387
5,0.000595779
6,0.00053861504
